id,first_name,last_name,email,birth_date


1,Katherine,Williams,katherine.williams@synaxana.net,1916-11-24T00:00:00
2,Chris,Griffin,chrisgriffin@gmail.com,1978-12-16T00:00:00
3,Vickie,Reynolds,vreynolds@perg.it,1933-07-27T00:00:00
4,Richard,Ward,richard_ward@txa.com,1980-06-01T00:00:00
5,Terry,Andrews,terry.andrews@vtz.us,1919-06-22T00:00:00
6,Kenneth,Herman,kennethherman@lkb.de,1921-03-20T00:00:00
7,Joanna,Burnett,joanna.burnett@visstghoijy.de,1998-02-11T00:00:00
8,Walter,Smith,wsmith@tlbpjyawla.de,1934-03-23T00:00:00
9,Matthew,Waters,matthew.waters@brian-dorsey.com,1989-02-23T00:00:00
10,Carolyn,Chaney,carolyn_chaney@efb.com,1967-03-01T00:00:00

11,Doris,Jackson,doris_jackson@eiyvutuxofj.it,1970-04-30T00:00:00
12,Sylvia,Romero,sylvia_romero@dynazone.de,1921-01-27T00:00:00
13,Melba,Johnson,melba_johnson@yahoo.com,1953-09-04T00:00:00
14,James,Williamson,james.williamson@futaxkauno.ch,1966-06-18T00:00:00
15,Timothy,Pittman,tpittman@sbnnximudh.de,1967-05-11T00:00:00
16,Mildred,Smith,mildred_smith@robert-bennett.de,1918-11-08T00:00:00
17,Frederick,Fisher,frederick_fisher@tmirsmquefg.net,1994-06-16T01:00:00
18,Denise,Spencer,denisespencer@surtia.org,1909-01-27T00:00:00
19,Ann,Clements,annclements@agrion.de,1942-10-03T01:00:00
20,Timothy,Paul,timothy.paul@microdirect.us,1988-05-19T01:00:00

21,Gloria,Taylor,gloria_taylor@gigaware.de,1942-10-01T01:00:00
22,Janice,Peters,janice_peters@kxcbartltauf.com,1923-10-23T00:00:00
23,George,Anderson,ganderson@siliconstation.net,1937-10-16T00:00:00
24,Kathleen,Stone,kathleen.stone@cuh.org,1961-07-07T00:00:00
25,Francisca,Branch,francisca_branch@yahoo.com,1955-10-25T00:00:00
26,James,Mcdaniel,james_mcdaniel@gmail.com,1972-05-01T00:00:00
27,Brian,Jackson,bjackson@gigabase.com,1979-04-05T00:00:00
28,James,Ellis,jamesellis@william-hall.net,1993-02-13T00:00:00
29,Dwayne,Hinton,dwayne_hinton@xxcdvofjphh.de,1984-12-28T00:00:00
30,David,Luna,dluna@lanxinea.at,1992-02-15T00:00:00

31,Isabel,Thompson,isabelthompson@hotmail.com,1992-01-22T00:00:00
32,Bruce,Lloyd,brucelloyd@vckvr.de,1981-07-04T00:00:00
33,Johnny,Jones,jjones@hotmail.com,1993-04-21T01:00:00
34,Doris,Castillo,doriscastillo@kontress.edu,1927-08-30T00:00:00
35,Jennifer,Smith,jennifer.smith@qiyppd.de,1940-12-08T00:00:00
36,Judy,Smith,judy_smith@nathan-smith.com,1997-12-04T00:00:00
37,Joseph,Kelley,joseph.kelley@hotmail.com,1944-03-19T00:00:00
38,Ricky,Juarez,ricky_juarez@zkpr.edu,1949-08-27T00:00:00
39,Gertrude,Mendoza,gmendoza@james-rose.us,1991-08-26T01:00:00
40,Robert,Mcclure,robert_mcclure@fgjyomicfik.com,1947-10-02T00:00:00

41,Timothy,Castaneda,timothycastaneda@aol.com,1918-03-16T00:00:00
42,Norma,Herman,norma.herman@lki.it,1953-02-10T00:00:00
43,Juan,Gutierrez,juan_gutierrez@qkoocru.org,1916-07-26T00:00:00
44,Karen,Brown,karenbrown@rdc.net,1921-01-24T00:00:00
45,Edna,Davis,ednadavis@pvpcyoa.fr,1939-06-07T00:00:00
46,Mary,Smith,marysmith@wlyqxfnia.us,1917-07-27T00:00:00
47,Amy,Cooper,amy.cooper@zjxvgjmrp.com,1961-04-03T00:00:00
48,Joshua,Greene,jgreene@cyberworld.net,1952-05-12T00:00:00
49,Louis,Martinez,lmartinez@e-mail.com,1985-08-25T01:00:00
50,James,Moreno,james_moreno@hotmail.com,1978-04-12T00:00:00

51,Doris,Guerrero,doris_guerrero@jkmpvisv.org,1922-06-22T00:00:00
52,Johnnie,Leonard,jleonard@freestation.com,1984-06-28T01:00:00
53,Christine,Tucker,ctucker@rdaqofn.de,1958-05-21T00:00:00
54,Amanda,Diaz,amanda_diaz@hotmail.com,1913-01-30T00:00:00
55,Lois,Miles,loismiles@hotmail.com,1988-05-27T01:00:00
56,Audrey,Jackson,audreyjackson@alstrera.net,1985-12-10T00:00:00
57,Jeanne,Melendez,jeannemelendez@ryan-lambert.com,1986-07-12T01:00:00
58,Dorothy,Bryan,dorothy_bryan@clickworks.net,1961-03-02T00:00:00
59,Joseph,Diaz,joseph_diaz@kkdyfdmctj.us,1991-12-19T00:00:00
60,Edgar,Ryan,edgar.ryan@adrian-morris.it,1970-12-20T00:00:00

61,Brian,Harding,brian_harding@homescout.com,1936-12-17T00:00:00
62,Agnes,Miller,agnesmiller@bzhw.com,1949-11-17T00:00:00
63,Hector,Parks,hparks@codebase.be,1954-08-27T00:00:00
64,Glen,Long,glen_long@hotmail.com,1916-12-03T00:00:00
65,Randy,Gutierrez,randy_gutierrez@lester-williams.it,1922-02-01T00:00:00
66,Scott,Olsen,scott_olsen@e-mail.com,1969-03-30T00:00:00
67,Linda,Taylor,linda_taylor@hotmail.com,1922-10-19T00:00:00
68,David,Anderson,davidanderson@ryan-powell.net,1949-04-15T00:00:00
69,David,Hoffman,dhoffman@gmail.com,1948-03-12T00:00:00
70,Lucia,Figueroa,lucia_figueroa@cephinea.com,1970-07-28T00:00:00

71,Noemi,Johnson,noemi_johnson@yahoo.com,1929-09-01T00:00:00
72,Ella,Suarez,esuarez@arybw.it,1961-04-30T00:00:00
73,Christopher,Russell,christopher_russell@rnvww.org,1972-10-26T00:00:00
74,Cecilia,Shannon,cshannon@yahoo.com,1913-11-16T00:00:00
75,James,Bean,jbean@qyonhhbbqix.us,1928-05-26T00:00:00
76,Robin,Thompson,robin.thompson@yahoo.com,1917-11-07T00:00:00
77,Maria,Smith,mariasmith@kkjhizlsyq.com,1937-06-11T00:00:00
78,Philip,Harris,philip_harris@bookvision.net,1931-03-05T00:00:00
79,Philip,Thomas,pthomas@gytypnc.at,1977-09-24T00:00:00
80,Paul,Hogan,paul.hogan@hotmail.com,1975-12-19T00:00:00

81,Carlos,White,cwhite@gmail.com,1957-09-21T00:00:00
82,Thomas,Watts,twatts@fteahxkbq.com,1946-07-10T00:00:00
83,Justin,Garrett,jgarrett@yahoo.com,1961-02-21T00:00:00
84,Kara,Johnson,kara_johnson@amdi.at,1931-02-14T00:00:00
85,Jessie,Mckinney,jmckinney@bookcard.net,1927-11-11T00:00:00
86,Mabel,Reed,mabel_reed@mail.com,1989-06-28T01:00:00
87,Alicia,Patterson,apatterson@clickforge.us,1977-10-20T00:00:00
88,Beth,Brown,bethbrown@jswbamvfy.net,1949-03-10T00:00:00
89,Courtney,Lewis,courtneylewis@yahoo.com,1910-02-07T00:00:00
90,Roy,Moses,rmoses@yahoo.com,1984-08-25T01:00:00

91,Betty,Wynn,bwynn@otvklduar.com,1978-06-20T00:00:00
92,Beverly,Baker,beverlybaker@iielvzbb.it,1907-10-22T00:00:00
93,Elizabeth,Watson,elizabethwatson@jgxmldc.com,1919-10-10T00:00:00
94,Jessica,Price,jessica.price@clicksphere.com,1953-11-06T00:00:00
95,David,Hall,david.hall@zceiytdxsx.com,1968-05-15T00:00:00
96,Rosa,Tate,rosatate@yahoo.com,1928-01-30T00:00:00
97,Gary,Marquez,gmarquez@infinon.com,1932-02-02T00:00:00
98,Nelson,Petersen,nelsonpetersen@gzp.edu,1983-04-20T01:00:00
99,Clarice,Jones,clarice_jones@nsl.com,1997-11-07T00:00:00
100,Mitchell,Clark,mclark@hmo.it,1979-05-05T00:00:00